{
  "bleu": 0.033654109128352906,
  "rhyme_accuracy": 0.17050691244239632,
  "meter_consistency": 0.34368990169601066,
  "distinct_1": 0.28364269141531323,
  "distinct_2": 0.6839317245438493,
  "vocab_diversity": 0.4964467005076142
}